profile,seed,rating,policy,scenario,mmr_rank_divergence,visible_rank_volatility,rank_mmr_hysteresis_area,fairness_debt_index,exposure_risk_index
full_core,201,dynamic_k,multi_objective,cold_start,26.99187651908704,172.35533405907648,2429.2688867178335,0.2489335426801751,0.4839164972749563
full_core,201,dynamic_k,multi_objective,pareto_fast,27.292421145666605,170.70888565622982,2456.3179031099944,0.28466162139706086,0.4953573438162757
full_core,201,dynamic_k,multi_objective,pareto_strict,27.59779386558468,171.4671940904141,2483.8014479026215,0.29690158384105453,0.5144143073111058
full_core,201,dynamic_k,multi_objective,proxy_default,27.206706619810397,171.29980365559376,2448.603595782936,0.2964032732051498,0.5028777370525281
full_core,201,dynamic_k,multi_objective,proxy_divergence_heavy,27.206706619810397,171.29980365559376,2448.603595782936,0.2964032732051498,0.5377787365503633
full_core,201,dynamic_k,multi_objective,proxy_exposure_heavy,27.206706619810397,171.29980365559376,2448.603595782936,0.2964032732051498,0.6019710415254859
full_core,201,dynamic_k,multi_objective,proxy_waiting_heavy,27.206706619810397,171.29980365559376,2448.603595782936,0.2964032732051498,0.5624314123883545
full_core,201,dynamic_k,multi_objective,rank_mmr_divergence,44.4185727218561,145.16837572855223,3997.671544967049,0.3003089363221911,0.5316974739295087
full_core,201,context_aware,nearest,rating_validity,28.8650510186532,185.93107774347607,2597.854591678788,0.5374385955061325,0.7477076673238072
full_core,201,drift_aware,nearest,rating_validity,25.86071465533845,110.94440601373618,2327.4643189804606,0.4618978446242798,0.7261583663601702
full_core,201,dynamic_k,nearest,rating_validity,28.074868730550172,184.44154992350724,2526.7381857495157,0.5316618340033284,0.746726798531553
full_core,201,elo,nearest,rating_validity,19.23668093481852,157.43994185827268,1731.3012841336667,0.5976586370640984,0.7676583906505448
full_core,201,glicko_like,nearest,rating_validity,22.685801961486835,164.2358096000116,2041.7221765338152,0.6084030643068733,0.763562540703379
full_core,201,dynamic_k,multi_objective,role_scarcity,28.00886902005289,171.45449067339277,2520.7982118047603,0.2594637396856297,0.5026888852433478
full_core,201,dynamic_k,multi_objective,seasonal_reset,26.73279018477988,168.86277812788347,2405.951116630189,0.30641701039778574,0.5147493782856455
full_core,201,dynamic_k,multi_objective,skill_drift,27.64556139749762,170.9458624003717,2488.1005257747856,0.3075380775701059,0.5069689309495181
full_core,201,dynamic_k,multi_objective,smurf_disruption,25.91249479958286,196.21255927383743,2332.1245319624572,0.41430889008583494,0.5388304631539406
full_core,201,dynamic_k,expanding,team_matchmaking,28.074868730550172,184.44154992350724,2526.7381857495157,0.5316618340033284,0.746726798531553
full_core,201,dynamic_k,fairness_constrained,team_matchmaking,28.291793819881576,181.36061086770707,2546.2614437893417,0.4868778157168609,0.7171830088462903
full_core,201,dynamic_k,multi_objective,team_matchmaking,27.206706619810397,171.29980365559376,2448.603595782936,0.2964032732051498,0.5028777370525281
full_core,201,dynamic_k,nearest,team_matchmaking,28.074868730550172,184.44154992350724,2526.7381857495157,0.5316618340033284,0.746726798531553
full_core,201,dynamic_k,random,team_matchmaking,27.75901400489554,186.5001513588289,2498.3112604405987,0.4969746611777181,0.7677183429780016
full_core,201,dynamic_k,role_aware,team_matchmaking,27.416741659770835,171.85503872522162,2467.5067493793754,0.1804892890566825,0.5199766198890885
full_core,202,dynamic_k,multi_objective,cold_start,27.830105820234312,170.4797896612076,2504.709523821088,0.2808328010772027,0.5065294906670701
full_core,202,dynamic_k,multi_objective,pareto_fast,27.28495758222174,173.22053594125853,2455.6461823999566,0.29317441632159513,0.4980504667474446
full_core,202,dynamic_k,multi_objective,pareto_strict,27.271368817477494,172.91262042544898,2454.4231935729745,0.2863276794276974,0.4951585330894316
full_core,202,dynamic_k,multi_objective,proxy_default,27.165815921639226,173.5101364019201,2444.9234329475303,0.28090851389060706,0.4948076479997418
full_core,202,dynamic_k,multi_objective,proxy_divergence_heavy,27.165815921639226,173.5101364019201,2444.9234329475303,0.28090851389060706,0.5302569408437406
full_core,202,dynamic_k,multi_objective,proxy_exposure_heavy,27.165815921639226,173.5101364019201,2444.9234329475303,0.28090851389060706,0.5996622354920089
full_core,202,dynamic_k,multi_objective,proxy_waiting_heavy,27.165815921639226,173.5101364019201,2444.9234329475303,0.28090851389060706,0.557761134964832
full_core,202,dynamic_k,multi_objective,rank_mmr_divergence,44.34526854448664,146.80465048594752,3991.074169003798,0.2916623245295219,0.5275613425162269
full_core,202,context_aware,nearest,rating_validity,28.950046924035163,188.11965341442072,2605.5042231631646,0.49234513005734354,0.7493795294163178
full_core,202,drift_aware,nearest,rating_validity,26.810970525205985,112.35663275226555,2412.9873472685385,0.4905467150554645,0.7311075527220341
full_core,202,dynamic_k,nearest,rating_validity,27.83637918100864,186.34805978891,2505.2741262907775,0.5040790650940019,0.7568427924678023
full_core,202,elo,nearest,rating_validity,18.861225206550568,159.7552730649711,1697.510268589551,0.6250339475307939,0.7799383288460233
full_core,202,glicko_like,nearest,rating_validity,22.26434977887666,167.6745264675199,2003.7914800988995,0.5717223263691115,0.770737532559132
full_core,202,dynamic_k,multi_objective,role_scarcity,28.10241910782121,172.96349081756193,2529.2177197039086,0.2705230211041335,0.4968888541891939
full_core,202,dynamic_k,multi_objective,seasonal_reset,26.79010272365772,171.16237511903284,2411.1092451291947,0.27819616567840283,0.5007442617205149
full_core,202,dynamic_k,multi_objective,skill_drift,27.31140737154702,173.7871353116437,2458.026663439232,0.30790805494187806,0.5086467958219114
full_core,202,dynamic_k,multi_objective,smurf_disruption,27.163759746668436,193.16595789961997,2444.7383772001594,0.36629510329147885,0.5304606308011219
full_core,202,dynamic_k,expanding,team_matchmaking,27.83637918100864,186.34805978891,2505.2741262907775,0.5040790650940019,0.7568427924678023
full_core,202,dynamic_k,fairness_constrained,team_matchmaking,27.597834772874176,187.15052985117933,2483.8051295586756,0.565339106015266,0.7685317693530054
full_core,202,dynamic_k,multi_objective,team_matchmaking,27.165815921639226,173.5101364019201,2444.9234329475303,0.28090851389060706,0.4948076479997418
full_core,202,dynamic_k,nearest,team_matchmaking,27.83637918100864,186.34805978891,2505.2741262907775,0.5040790650940019,0.7568427924678023
full_core,202,dynamic_k,random,team_matchmaking,26.961885026563028,186.75837755799705,2426.5696523906727,0.4419382423103757,0.7253416674240803
full_core,202,dynamic_k,role_aware,team_matchmaking,26.9831249570169,174.64721101707397,2428.481246131521,0.1354290761954283,0.4804967127334281
full_core,203,dynamic_k,multi_objective,cold_start,28.24849094355351,168.16944396947758,2542.3641849198157,0.2893770773527142,0.5089782898889397
full_core,203,dynamic_k,multi_objective,pareto_fast,27.70235491088013,172.24879160209267,2493.2119419792116,0.2536997349824924,0.5009206628557753
full_core,203,dynamic_k,multi_objective,pareto_strict,26.78525110967461,172.13736524260744,2410.672599870715,0.2680833019691291,0.512481834526159
full_core,203,dynamic_k,multi_objective,proxy_default,26.553322705158827,172.41623128405203,2389.7990434642943,0.2936919282313241,0.5108923143608572
full_core,203,dynamic_k,multi_objective,proxy_divergence_heavy,26.553322705158827,172.41623128405203,2389.7990434642943,0.2936919282313241,0.544910731843397
full_core,203,dynamic_k,multi_objective,proxy_exposure_heavy,26.553322705158827,172.41623128405203,2389.7990434642943,0.2936919282313241,0.612131250184421
full_core,203,dynamic_k,multi_objective,proxy_waiting_heavy,26.553322705158827,172.41623128405203,2389.7990434642943,0.2936919282313241,0.5697544559713853
full_core,203,dynamic_k,multi_objective,rank_mmr_divergence,44.227338657491686,146.2611189915698,3980.4604791742518,0.27935269827448606,0.5327188855371865
full_core,203,context_aware,nearest,rating_validity,29.032140307055837,185.0073770323052,2612.8926276350253,0.5079962079089787,0.7306491978874754
full_core,203,drift_aware,nearest,rating_validity,26.6161572341894,110.28993686916506,2395.454151077046,0.503122056115764,0.7173862582344203
full_core,203,dynamic_k,nearest,rating_validity,27.563897437006823,183.735162105354,2480.750769330614,0.5501874288134994,0.7337906526297111
full_core,203,elo,nearest,rating_validity,18.51494104237572,157.68526338993996,1666.344693813815,0.5818920121164605,0.7564626492695457
full_core,203,glicko_like,nearest,rating_validity,23.526335891176487,165.2112547940066,2117.3702302058837,0.580985699509142,0.7575566712274165
full_core,203,dynamic_k,multi_objective,role_scarcity,27.965149313781577,172.32561220319897,2516.863438240342,0.273116256393121,0.51583242759784
full_core,203,dynamic_k,multi_objective,seasonal_reset,26.348530666058767,170.8633645262331,2371.367759945289,0.26117967698560624,0.5075468934479561
full_core,203,dynamic_k,multi_objective,skill_drift,27.168481907681425,172.7800883414758,2445.1633716913284,0.2504778584811086,0.5014621011909393
full_core,203,dynamic_k,multi_objective,smurf_disruption,26.80230433100005,193.23118732350403,2412.2073897900045,0.4056306646445064,0.5442429325978404
full_core,203,dynamic_k,expanding,team_matchmaking,27.563897437006823,183.735162105354,2480.750769330614,0.5501874288134994,0.7337906526297111
full_core,203,dynamic_k,fairness_constrained,team_matchmaking,27.69620230095851,183.9614994026936,2492.658207086266,0.4909387661378499,0.7354899946422817
full_core,203,dynamic_k,multi_objective,team_matchmaking,26.553322705158827,172.41623128405203,2389.7990434642943,0.2936919282313241,0.5108923143608572
full_core,203,dynamic_k,nearest,team_matchmaking,27.563897437006823,183.735162105354,2480.750769330614,0.5501874288134994,0.7337906526297111
full_core,203,dynamic_k,random,team_matchmaking,27.508747607845304,186.17490650417076,2475.7872847060776,0.5385236094391248,0.7551643830134918
full_core,203,dynamic_k,role_aware,team_matchmaking,27.00543608324137,172.41692690566111,2430.4892474917233,0.14138455123753405,0.5104125464441237
full_core,204,dynamic_k,multi_objective,cold_start,27.76351299936445,170.27709957957444,2498.7161699428007,0.28088597556961015,0.5000297059063705
full_core,204,dynamic_k,multi_objective,pareto_fast,27.75674661438297,171.64970870492328,2498.107195294467,0.29346460296698995,0.5077288698597292
full_core,204,dynamic_k,multi_objective,pareto_strict,27.272851788403155,172.56618394832168,2454.556660956284,0.273768552674133,0.5053629868885866
full_core,204,dynamic_k,multi_objective,proxy_default,27.14806470248785,172.45171406658844,2443.3258232239064,0.2842253294835856,0.5052110088730353
full_core,204,dynamic_k,multi_objective,proxy_divergence_heavy,27.14806470248785,172.45171406658844,2443.3258232239064,0.2842253294835856,0.5406989467691796
full_core,204,dynamic_k,multi_objective,proxy_exposure_heavy,27.14806470248785,172.45171406658844,2443.3258232239064,0.2842253294835856,0.6082479542391989
full_core,204,dynamic_k,multi_objective,proxy_waiting_heavy,27.14806470248785,172.45171406658844,2443.3258232239064,0.2842253294835856,0.5664006433253431
full_core,204,dynamic_k,multi_objective,rank_mmr_divergence,44.31795625757556,145.68897679247195,3988.6160631818,0.3132683623269257,0.5292900971543908
full_core,204,context_aware,nearest,rating_validity,28.61268148019889,187.99439949229875,2575.1413332179,0.5098057747298061,0.7517462677987741
full_core,204,drift_aware,nearest,rating_validity,26.49074473969112,111.94773764949709,2384.167026572201,0.5326757141846535,0.7402009828952346
full_core,204,dynamic_k,nearest,rating_validity,27.003693695546332,187.18097094053795,2430.33243259917,0.5478213336467739,0.7595450928261859
full_core,204,elo,nearest,rating_validity,18.23798777778292,159.54405665612157,1641.4189000004628,0.6344460422451371,0.7849241255466659
full_core,204,glicko_like,nearest,rating_validity,22.02057413556841,166.28977454991812,1981.8516722011568,0.6263000062537942,0.7805714509610819
full_core,204,dynamic_k,multi_objective,role_scarcity,28.12687695107512,171.9861848501367,2531.418925596761,0.30298775587043186,0.5190526653255672
full_core,204,dynamic_k,multi_objective,seasonal_reset,26.63875212435373,170.1678019301222,2397.4876911918354,0.295376259017985,0.5094369448841605
full_core,204,dynamic_k,multi_objective,skill_drift,27.91019816070504,172.02024006010953,2511.917834463454,0.2967965194004631,0.5105521428811823
full_core,204,dynamic_k,multi_objective,smurf_disruption,26.48355545175424,192.91562007048745,2383.5199906578814,0.3839224152852369,0.5353571058219341
full_core,204,dynamic_k,expanding,team_matchmaking,27.003693695546332,187.18097094053795,2430.33243259917,0.5478213336467739,0.7595450928261859
full_core,204,dynamic_k,fairness_constrained,team_matchmaking,27.63877927826697,186.4369772129305,2487.4901350440273,0.5141292952899138,0.7501250119538302
full_core,204,dynamic_k,multi_objective,team_matchmaking,27.14806470248785,172.45171406658844,2443.3258232239064,0.2842253294835856,0.5052110088730353
full_core,204,dynamic_k,nearest,team_matchmaking,27.003693695546332,187.18097094053795,2430.33243259917,0.5478213336467739,0.7595450928261859
full_core,204,dynamic_k,random,team_matchmaking,27.56742122533089,188.64836966911787,2481.06791027978,0.503961637111336,0.7518626760427226
full_core,204,dynamic_k,role_aware,team_matchmaking,26.699504070660502,172.70497896076412,2402.955366359445,0.1532655842121247,0.504454543642382
full_core,205,dynamic_k,multi_objective,cold_start,28.0526182750401,171.86926032490408,2524.735644753609,0.30147756595734243,0.5193322451532012
full_core,205,dynamic_k,multi_objective,pareto_fast,27.094043473844515,175.96289861830243,2438.4639126460065,0.2644583320802264,0.486369658298976
full_core,205,dynamic_k,multi_objective,pareto_strict,27.428284315339813,176.88853310416772,2468.545588380583,0.2803507629313434,0.5092106900355038
full_core,205,dynamic_k,multi_objective,proxy_default,27.31006414851113,176.84813420067815,2457.905773366002,0.30039483286179536,0.5133536141615773
full_core,205,dynamic_k,multi_objective,proxy_divergence_heavy,27.31006414851113,176.84813420067815,2457.905773366002,0.30039483286179536,0.5478699484608678
full_core,205,dynamic_k,multi_objective,proxy_exposure_heavy,27.31006414851113,176.84813420067815,2457.905773366002,0.30039483286179536,0.6121253838732537
full_core,205,dynamic_k,multi_objective,proxy_waiting_heavy,27.31006414851113,176.84813420067815,2457.905773366002,0.30039483286179536,0.5700462574009365
full_core,205,dynamic_k,multi_objective,rank_mmr_divergence,44.209896641574296,149.52421060728918,3978.890697741687,0.3013113278738636,0.5358085635893688
full_core,205,context_aware,nearest,rating_validity,29.05655569834553,192.50607978608448,2615.0900128510975,0.5274342611865361,0.7592758131105067
full_core,205,drift_aware,nearest,rating_validity,26.54212527895376,114.35541705046175,2388.7912751058384,0.49293196353468877,0.7491566333314584
full_core,205,dynamic_k,nearest,rating_validity,28.201836500218956,190.8367118386188,2538.165285019706,0.5781623849515022,0.7617596540487178
full_core,205,elo,nearest,rating_validity,19.31999633547088,163.40533330592837,1738.7996701923792,0.6323938043811902,0.7857015639687578
full_core,205,glicko_like,nearest,rating_validity,23.25789038645544,170.77798477041603,2093.2101347809894,0.606762474283359,0.7783129961881413
full_core,205,dynamic_k,multi_objective,role_scarcity,28.11599954251941,176.14161005325988,2530.439958826747,0.29314446070720274,0.5183694461642396
full_core,205,dynamic_k,multi_objective,seasonal_reset,26.078397959564125,174.2948714089865,2347.055816360771,0.2911656690545467,0.5125071020138986
full_core,205,dynamic_k,multi_objective,skill_drift,27.29274371137728,175.82374071435325,2456.3469340239553,0.2906721729544986,0.5179486610927209
full_core,205,dynamic_k,multi_objective,smurf_disruption,27.047901103902294,192.6141175615289,2434.3110993512064,0.4216772996809463,0.5442595586696739
full_core,205,dynamic_k,expanding,team_matchmaking,28.201836500218956,190.8367118386188,2538.165285019706,0.5781623849515022,0.7617596540487178
full_core,205,dynamic_k,fairness_constrained,team_matchmaking,28.261549886464643,185.7273211701993,2543.539489781818,0.5018592528244802,0.7027334628609766
full_core,205,dynamic_k,multi_objective,team_matchmaking,27.31006414851113,176.84813420067815,2457.905773366002,0.30039483286179536,0.5133536141615773
full_core,205,dynamic_k,nearest,team_matchmaking,28.201836500218956,190.8367118386188,2538.165285019706,0.5781623849515022,0.7617596540487178
full_core,205,dynamic_k,random,team_matchmaking,26.52142620685328,191.3082203211505,2386.9283586167953,0.5793354553191697,0.769195452122268
full_core,205,dynamic_k,role_aware,team_matchmaking,27.077453427037877,176.20081163012335,2436.970808433409,0.14750392888382055,0.4971494935469512
full_core,206,dynamic_k,multi_objective,cold_start,27.44635783904089,167.84900819228224,2470.17220551368,0.26442679055475343,0.4963106677294696
full_core,206,dynamic_k,multi_objective,pareto_fast,26.91329121193534,174.51703521738324,2422.196209074181,0.33106752919409493,0.518614078402917
full_core,206,dynamic_k,multi_objective,pareto_strict,26.95238515225138,175.13468194872533,2425.7146637026244,0.33883866440606036,0.5135036651136121
full_core,206,dynamic_k,multi_objective,proxy_default,27.34038655373657,175.32794725662774,2460.634789836291,0.3467414802514629,0.5266880841368435
full_core,206,dynamic_k,multi_objective,proxy_divergence_heavy,27.34038655373657,175.32794725662774,2460.634789836291,0.3467414802514629,0.5607297947883617
full_core,206,dynamic_k,multi_objective,proxy_exposure_heavy,27.34038655373657,175.32794725662774,2460.634789836291,0.3467414802514629,0.6244029493022404
full_core,206,dynamic_k,multi_objective,proxy_waiting_heavy,27.34038655373657,175.32794725662774,2460.634789836291,0.3467414802514629,0.5825175563925983
full_core,206,dynamic_k,multi_objective,rank_mmr_divergence,44.02909756200853,148.75240611152142,3962.6187805807676,0.35768742591182867,0.5390490824344996
full_core,206,context_aware,nearest,rating_validity,28.44629048815724,188.5553935004892,2560.1661439341515,0.5698987829441987,0.7429068222943609
full_core,206,drift_aware,nearest,rating_validity,26.86170021246429,111.97723006227692,2417.553019121786,0.5395389038638789,0.7212876657197131
full_core,206,dynamic_k,nearest,rating_validity,27.53907587776493,186.82180687534387,2478.5168289988437,0.6171363112469563,0.7474040569047196
full_core,206,elo,nearest,rating_validity,18.717829004824317,160.5814196480206,1684.6046104341885,0.6719582617072282,0.7703297341106757
full_core,206,glicko_like,nearest,rating_validity,22.748029882062024,167.25530320236243,2047.3226893855822,0.6146952732333665,0.7598489605683634
full_core,206,dynamic_k,multi_objective,role_scarcity,27.55012428599278,174.81306985420687,2479.5111857393504,0.3188295039582396,0.5182273229575837
full_core,206,dynamic_k,multi_objective,seasonal_reset,26.411700987813504,172.186407915649,2377.053088903215,0.3299346048382802,0.516589089437351
full_core,206,dynamic_k,multi_objective,skill_drift,27.125473193825822,174.84963118719895,2441.292587444324,0.350358813301575,0.519348932226606
full_core,206,dynamic_k,multi_objective,smurf_disruption,26.164484981121312,194.4533410277502,2354.803648300918,0.3798764187467483,0.5290333549515616
full_core,206,dynamic_k,expanding,team_matchmaking,27.53907587776493,186.82180687534387,2478.5168289988437,0.6171363112469563,0.7474040569047196
full_core,206,dynamic_k,fairness_constrained,team_matchmaking,27.657091165605312,185.21567466666,2489.1382049044782,0.5700751851367037,0.7243532269421649
full_core,206,dynamic_k,multi_objective,team_matchmaking,27.34038655373657,175.32794725662774,2460.634789836291,0.3467414802514629,0.5266880841368435
full_core,206,dynamic_k,nearest,team_matchmaking,27.53907587776493,186.82180687534387,2478.5168289988437,0.6171363112469563,0.7474040569047196
full_core,206,dynamic_k,random,team_matchmaking,27.042691657105077,188.41083357760127,2433.842249139457,0.5767957853569646,0.7471139173140466
full_core,206,dynamic_k,role_aware,team_matchmaking,27.252878221677317,175.44357959688273,2452.7590399509586,0.22214943718083585,0.5235055888982321
full_core,207,dynamic_k,multi_objective,cold_start,27.808890044475383,169.1401256875409,2502.8001040027843,0.28757328752122024,0.506877480336736
full_core,207,dynamic_k,multi_objective,pareto_fast,26.228412750756,176.58084099421922,2360.55714756804,0.30907649613222155,0.5040913438127143
full_core,207,dynamic_k,multi_objective,pareto_strict,26.597987335613784,177.08632062229876,2393.8188602052405,0.29117208304724496,0.5070376461555538
full_core,207,dynamic_k,multi_objective,proxy_default,26.17359351911706,177.0203253871147,2355.6234167205353,0.3079095968017436,0.5108713316132908
full_core,207,dynamic_k,multi_objective,proxy_divergence_heavy,26.17359351911706,177.0203253871147,2355.6234167205353,0.3079095968017436,0.544034774632701
full_core,207,dynamic_k,multi_objective,proxy_exposure_heavy,26.17359351911706,177.0203253871147,2355.6234167205353,0.3079095968017436,0.6092441522577173
full_core,207,dynamic_k,multi_objective,proxy_waiting_heavy,26.17359351911706,177.0203253871147,2355.6234167205353,0.3079095968017436,0.566907260464639
full_core,207,dynamic_k,multi_objective,rank_mmr_divergence,43.68866056814936,150.62605554689603,3931.979451133442,0.3033988861326505,0.5268582209554112
full_core,207,context_aware,nearest,rating_validity,30.800623479268307,192.4793522263393,2772.0561131341474,0.5994485907847185,0.7826053662594978
full_core,207,drift_aware,nearest,rating_validity,26.473690770241035,114.0329006893516,2382.6321693216933,0.5858565134437379,0.770939621605634
full_core,207,dynamic_k,nearest,rating_validity,29.23538585166246,189.8764157549157,2631.1847266496216,0.6276528220526035,0.7937467003778573
full_core,207,elo,nearest,rating_validity,20.25070080389353,163.76303983594465,1822.5630723504178,0.6817061485030474,0.8004554231839329
full_core,207,glicko_like,nearest,rating_validity,23.614295729896327,170.40924051979124,2125.2866156906694,0.6523331900921665,0.7911332961976185
full_core,207,dynamic_k,multi_objective,role_scarcity,27.850563366323,176.9331267095938,2506.5507029690702,0.315649071609719,0.5289985717054261
full_core,207,dynamic_k,multi_objective,seasonal_reset,26.04246375787296,174.66719222360058,2343.8217382085663,0.27893517188696604,0.5058406467552151
full_core,207,dynamic_k,multi_objective,skill_drift,26.248148419120813,176.67246047354294,2362.333357720873,0.3105865299433173,0.5109693795832358
full_core,207,dynamic_k,multi_objective,smurf_disruption,26.535064023031484,190.4622501805507,2388.1557620728336,0.4018432765175956,0.5287059358444671
full_core,207,dynamic_k,expanding,team_matchmaking,29.23538585166246,189.8764157549157,2631.1847266496216,0.6276528220526035,0.7937467003778573
full_core,207,dynamic_k,fairness_constrained,team_matchmaking,28.03876707328549,191.79499554482908,2523.4890365956944,0.612699619416854,0.7878044332842928
full_core,207,dynamic_k,multi_objective,team_matchmaking,26.17359351911706,177.0203253871147,2355.6234167205353,0.3079095968017436,0.5108713316132908
full_core,207,dynamic_k,nearest,team_matchmaking,29.23538585166246,189.8764157549157,2631.1847266496216,0.6276528220526035,0.7937467003778573
full_core,207,dynamic_k,random,team_matchmaking,26.74349435173481,191.5104673948954,2406.914491656133,0.5813604008887082,0.7707765001309781
full_core,207,dynamic_k,role_aware,team_matchmaking,26.49922884493489,177.53129290796988,2384.93059604414,0.16209298694529142,0.5019539448221463
full_core,208,dynamic_k,multi_objective,cold_start,27.699711581813663,169.14124191192928,2492.9740423632297,0.2777689141336058,0.5087989880287308
full_core,208,dynamic_k,multi_objective,pareto_fast,27.230820307992754,174.56717974005358,2450.773827719348,0.28501436481050774,0.5043900404661791
full_core,208,dynamic_k,multi_objective,pareto_strict,27.514981392738207,176.12726187137312,2476.3483253464387,0.2993685332018533,0.5096008400612063
full_core,208,dynamic_k,multi_objective,proxy_default,27.552363889876045,175.86031697582,2479.712750088844,0.28382505499629396,0.5057277902482525
full_core,208,dynamic_k,multi_objective,proxy_divergence_heavy,27.552363889876045,175.86031697582,2479.712750088844,0.28382505499629396,0.5412047038301712
full_core,208,dynamic_k,multi_objective,proxy_exposure_heavy,27.552363889876045,175.86031697582,2479.712750088844,0.28382505499629396,0.6063490486507276
full_core,208,dynamic_k,multi_objective,proxy_waiting_heavy,27.552363889876045,175.86031697582,2479.712750088844,0.28382505499629396,0.566367848828296
full_core,208,dynamic_k,multi_objective,rank_mmr_divergence,44.41955720664834,149.91733707976385,3997.760148598351,0.30000202296432155,0.5303787063597748
full_core,208,context_aware,nearest,rating_validity,29.283288733821788,191.23026884836165,2635.495986043961,0.48814697770267707,0.7491873670786263
full_core,208,drift_aware,nearest,rating_validity,26.997809936357527,112.4064460835502,2429.8028942721776,0.5152113100597043,0.745810434329829
full_core,208,dynamic_k,nearest,rating_validity,27.884807309397225,189.54206486772827,2509.63265784575,0.5619994844965779,0.7616226069014747
full_core,208,elo,nearest,rating_validity,19.23617992154013,162.3347999690692,1731.2561929386118,0.6543177915259325,0.7826168357197048
full_core,208,glicko_like,nearest,rating_validity,22.890522961804585,168.8429064932396,2060.147066562413,0.5985994029860711,0.7691760599094153
full_core,208,dynamic_k,multi_objective,role_scarcity,27.686388609404663,175.61109614057565,2491.77497484642,0.30183117394604697,0.5103160753045703
full_core,208,dynamic_k,multi_objective,seasonal_reset,26.44281281541127,173.2407856393841,2379.853153387014,0.26554608511957867,0.4987412653216043
full_core,208,dynamic_k,multi_objective,skill_drift,27.53443454271363,175.6170485207598,2478.0991088442265,0.2988955131305766,0.5156070424560206
full_core,208,dynamic_k,multi_objective,smurf_disruption,26.835936178774475,189.84063591326867,2415.2342560897027,0.42345002373374696,0.542205191186416
full_core,208,dynamic_k,expanding,team_matchmaking,27.884807309397225,189.54206486772827,2509.63265784575,0.5619994844965779,0.7616226069014747
full_core,208,dynamic_k,fairness_constrained,team_matchmaking,28.374775062587226,183.7826450852841,2553.7297556328504,0.5072255368743956,0.699662731916888
full_core,208,dynamic_k,multi_objective,team_matchmaking,27.552363889876045,175.86031697582,2479.712750088844,0.28382505499629396,0.5057277902482525
full_core,208,dynamic_k,nearest,team_matchmaking,27.884807309397225,189.54206486772827,2509.63265784575,0.5619994844965779,0.7616226069014747
full_core,208,dynamic_k,random,team_matchmaking,27.15551903455796,189.68123327598963,2443.996713110216,0.5407157033366979,0.7455401024818542
full_core,208,dynamic_k,role_aware,team_matchmaking,27.14098076034812,174.697343329385,2442.688268431331,0.15078306594431276,0.5006658789999093
full_core,209,dynamic_k,multi_objective,cold_start,27.943286509087557,169.38700373731243,2514.89578581788,0.28717725613431705,0.5055150376022138
full_core,209,dynamic_k,multi_objective,pareto_fast,27.12366222153104,174.6497647747823,2441.1295999377935,0.28668432134852573,0.4995433062413803
full_core,209,dynamic_k,multi_objective,pareto_strict,26.772546468381275,174.61768864234855,2409.5291821543146,0.2820524841083253,0.5040550967248862
full_core,209,dynamic_k,multi_objective,proxy_default,27.349634574968213,174.25875657521502,2461.4671117471394,0.27324989255919435,0.5083280821125538
full_core,209,dynamic_k,multi_objective,proxy_divergence_heavy,27.349634574968213,174.25875657521502,2461.4671117471394,0.27324989255919435,0.5429444946307096
full_core,209,dynamic_k,multi_objective,proxy_exposure_heavy,27.349634574968213,174.25875657521502,2461.4671117471394,0.27324989255919435,0.6075367337268337
full_core,209,dynamic_k,multi_objective,proxy_waiting_heavy,27.349634574968213,174.25875657521502,2461.4671117471394,0.27324989255919435,0.56587081988577
full_core,209,dynamic_k,multi_objective,rank_mmr_divergence,44.95320909682631,148.0338227062309,4045.788818714368,0.3146667676215719,0.5318447747827273
full_core,209,context_aware,nearest,rating_validity,29.16885350792074,186.5216308816216,2625.1968157128667,0.5560122830568001,0.7267218796453431
full_core,209,drift_aware,nearest,rating_validity,27.281048170235657,110.4373078412014,2455.294335321209,0.49683642967626207,0.7120401121910428
full_core,209,dynamic_k,nearest,rating_validity,28.17538895194577,185.0253821070824,2535.7850056751195,0.5535925099124451,0.7408915356444078
full_core,209,elo,nearest,rating_validity,18.543850221206736,159.58331355264627,1668.9465199086062,0.5705348376320905,0.7512188843919198
full_core,209,glicko_like,nearest,rating_validity,23.40691511184152,166.5082314730492,2106.6223600657368,0.5716843270471383,0.7527679949828081
full_core,209,dynamic_k,multi_objective,role_scarcity,28.36144021310092,173.9118184067106,2552.5296191790826,0.31494810005771734,0.5176180155906198
full_core,209,dynamic_k,multi_objective,seasonal_reset,26.70019265153944,171.86475371386754,2403.0173386385495,0.32004116754560225,0.5119166481548034
full_core,209,dynamic_k,multi_objective,skill_drift,26.45763573403744,174.4199930079201,2381.1872160633693,0.2888013519061693,0.5098828203434158
full_core,209,dynamic_k,multi_objective,smurf_disruption,26.40095214405641,193.53475954520877,2376.085692965077,0.40723113496382135,0.5367967177570335
full_core,209,dynamic_k,expanding,team_matchmaking,28.17538895194577,185.0253821070824,2535.7850056751195,0.5535925099124451,0.7408915356444078
full_core,209,dynamic_k,fairness_constrained,team_matchmaking,27.31515691529774,186.47854234200625,2458.364122376797,0.5262967679923414,0.7453043367133008
full_core,209,dynamic_k,multi_objective,team_matchmaking,27.349634574968213,174.25875657521502,2461.4671117471394,0.27324989255919435,0.5083280821125538
full_core,209,dynamic_k,nearest,team_matchmaking,28.17538895194577,185.0253821070824,2535.7850056751195,0.5535925099124451,0.7408915356444078
full_core,209,dynamic_k,random,team_matchmaking,26.693009545584072,190.41084194564036,2402.3708591025666,0.5625794256524604,0.7691807477341348
full_core,209,dynamic_k,role_aware,team_matchmaking,26.42803449711119,174.61942020414872,2378.523104740007,0.17402306780486157,0.5202519023183985
full_core,210,dynamic_k,multi_objective,cold_start,27.28370534821485,170.66393049889655,2455.5334813393365,0.29192019771004757,0.5016475294589621
full_core,210,dynamic_k,multi_objective,pareto_fast,27.277783700143253,173.87523738676944,2455.000533012893,0.2984246210371973,0.4930993283071921
full_core,210,dynamic_k,multi_objective,pareto_strict,26.847853944694933,174.7754839124986,2416.306855022544,0.28267017438764935,0.5028054536653304
full_core,210,dynamic_k,multi_objective,proxy_default,27.184618108262796,175.1728637917487,2446.615629743652,0.29292920297823954,0.5069619040744775
full_core,210,dynamic_k,multi_objective,proxy_divergence_heavy,27.184618108262796,175.1728637917487,2446.615629743652,0.29292920297823954,0.5416320958024864
full_core,210,dynamic_k,multi_objective,proxy_exposure_heavy,27.184618108262796,175.1728637917487,2446.615629743652,0.29292920297823954,0.6060168908511069
full_core,210,dynamic_k,multi_objective,proxy_waiting_heavy,27.184618108262796,175.1728637917487,2446.615629743652,0.29292920297823954,0.5640741160418852
full_core,210,dynamic_k,multi_objective,rank_mmr_divergence,43.726032043989086,148.0773678472199,3935.342883959018,0.31363782254382194,0.5357821649353384
full_core,210,context_aware,nearest,rating_validity,29.186014979617404,188.19616033802032,2626.7413481655663,0.47631336790036566,0.7259528746215039
full_core,210,drift_aware,nearest,rating_validity,26.85327574106868,112.0182582840558,2416.794816696181,0.4490222452862231,0.7233572517120435
full_core,210,dynamic_k,nearest,rating_validity,27.88310934062465,186.2956879165136,2509.4798406562186,0.5074593454921682,0.7396638948112373
full_core,210,elo,nearest,rating_validity,18.8119139297962,159.8733453433376,1693.0722536816581,0.5655591739104997,0.7606460969854012
full_core,210,glicko_like,nearest,rating_validity,22.93265771103708,166.66300351254796,2063.939193993337,0.5526967256925585,0.7555921825448756
full_core,210,dynamic_k,multi_objective,role_scarcity,27.919528927979176,174.50017956307488,2512.757603518126,0.3009410386112178,0.5105823440017536
full_core,210,dynamic_k,multi_objective,seasonal_reset,26.33257066907696,171.70385292764527,2369.9313602169264,0.2844868264710866,0.5069284109964598
full_core,210,dynamic_k,multi_objective,skill_drift,26.83211354188433,174.68540728813528,2414.8902187695894,0.2876901377786237,0.5085626718040953
full_core,210,dynamic_k,multi_objective,smurf_disruption,26.440915373737884,189.87856316164172,2379.6823836364097,0.40415746632831046,0.5354592959761438
full_core,210,dynamic_k,expanding,team_matchmaking,27.88310934062465,186.2956879165136,2509.4798406562186,0.5074593454921682,0.7396638948112373
full_core,210,dynamic_k,fairness_constrained,team_matchmaking,27.796569370995083,184.8117816314904,2501.6912433895577,0.5010667231406235,0.7267771323316847
full_core,210,dynamic_k,multi_objective,team_matchmaking,27.184618108262796,175.1728637917487,2446.615629743652,0.29292920297823954,0.5069619040744775
full_core,210,dynamic_k,nearest,team_matchmaking,27.88310934062465,186.2956879165136,2509.4798406562186,0.5074593454921682,0.7396638948112373
full_core,210,dynamic_k,random,team_matchmaking,26.317682211371277,188.8005405691261,2368.591399023415,0.4796474650959657,0.7130498499774599
full_core,210,dynamic_k,role_aware,team_matchmaking,26.64436963516493,175.24609890325567,2397.993267164844,0.16330203488446288,0.5000509436824623
